Model Name,Card Name,Card Description,Similar Card 1,Similar Card 2,Similar Card 3,Similar Card 4,Similar Card 5
lstm,Sol Ring,{T}: Add {C}{C}.,Palladium Myr: {T}: Add {C}{C}.,Seat of the Synod: {T}: Add {U}.,Drake-Skull Cameo: {T}: Add {U} or {B}.,Iron Myr: {T}: Add {R}.,Tree of Tales: {T}: Add {G}.
lstm,Structural Assault,"Destroy all artifacts, then Structural Assault deals damage to each creature equal to the number of artifacts that were put into graveyards from the battlefield this turn.","Barrage of Boulders: Barrage of Boulders deals 1 damage to each creature you don't control.
Ferocious — If you control a creature with power 4 or greater, creatures can't block this turn.","Gaze of Pain: Until end of turn, whenever a creature you control attacks and isn't blocked, you may choose to have it deal damage equal to its power to a target creature. If you do, it assigns no combat damage this turn.","Let the Galaxy Burn: Cascade (When you cast this spell, exile cards from the top of your library until you exile a nonland card that costs less. You may cast it without paying its mana cost. Put the exiled cards on the bottom of your library in a random order.)
Let the Galaxy Burn deals X plus 2 damage to each creature that didn't enter the battlefield this turn.",Seismic Shift: Destroy target land. Up to two target creatures can't block this turn.,Their Name Is Death: Destroy all nonartifact creatures.
lstm,Crossbow Ambush,Creatures you control gain reach until end of turn. (They can block creatures with flying.),"Gloomwidow's Feast: Destroy target creature with flying. If that creature was blue or black, create a 1/2 green Spider creature token with reach. (It can block creatures with flying.)",Midnight Haunting: Create two 1/1 white Spirit creature tokens with flying.,"Choose Your Weapon: Choose one —
• Two-Weapon Fighting — Double target creature's power and toughness until end of turn.
• Archery — This spell deals 5 damage to target creature with flying.",Beckon Apparition: Exile target card from a graveyard. Create a 1/1 white and black Spirit creature token with flying.,Afterlife: Destroy target creature. It can't be regenerated. Its controller creates a 1/1 white Spirit creature token with flying.
lstm,Mephitic Draught,"When Mephitic Draught enters the battlefield or is put into a graveyard from the battlefield, you draw a card and you lose 1 life.","Necrogen Censer: Necrogen Censer enters the battlefield with two charge counters on it.
{T}, Remove a charge counter from Necrogen Censer: Target player loses 2 life.","Skullmead Cauldron: {T}: You gain 1 life.
{T}, Discard a card: You gain 3 life.","Staff of the Death Magus: Whenever you cast a black spell or a Swamp enters the battlefield under your control, you gain 1 life.","Tablet of Epityr: Whenever an artifact you control is put into a graveyard from the battlefield, you may pay {1}. If you do, you gain 1 life.","Mazemind Tome: {T}, Put a page counter on Mazemind Tome: Scry 1.
{2}, {T}, Put a page counter on Mazemind Tome: Draw a card.
When there are four or more page counters on Mazemind Tome, exile it. If you do, you gain 4 life."
lstm,Sangromancer,"Flying
Whenever a creature an opponent controls dies, you may gain 3 life.
Whenever an opponent discards a card, you may gain 3 life.","Resolute Survivors: You may exert Resolute Survivors as it attacks. (It won't untap during your next untap step.)
Whenever you exert a creature, Resolute Survivors deals 1 damage to each opponent and you gain 1 life.",Waker of the Wilds: {X}{G}{G}: Put X +1/+1 counters on target land you control. That land becomes a 0/0 Elemental creature with haste. It's still a land.,"Shapers of Nature: {3}{G}: Put a +1/+1 counter on target creature.
{2}{U}, Remove a +1/+1 counter from a creature you control: Draw a card.","Bloodhusk Ritualist: Multikicker {B} (You may pay an additional {B} any number of times as you cast this spell.)
When Bloodhusk Ritualist enters the battlefield, target opponent discards a card for each time it was kicked.","Chambered Nautilus: Whenever Chambered Nautilus becomes blocked, you may draw a card."
